id,body,picture,actor,time,class,experiment_group
0,some hot girl summer pictures,aaron-burson-30tQvCV5snU-unsplash.jpg,coachmatthews,-20:35:00,cohort,var1
7770,Love this so much!!!!!,adeolu-eletu-wN3iop4-j3A-unsplash.jpg,difrad,-1:35:00,cohort,var1
1,,glodi-miessi-da7agzWCFiw-unsplash.jpg,coachmatthews,-11:13:00,cohort,var2
2,,jaye-wagner-0rrO__2p46Q-unsplash.jpg,coachmatthews,-0:45:00,cohort,var3
3,,jessica-felicio-lH973Qz0Iy4-unsplash.jpg,coachmatthews,3:16,cohort,var4
4,,leighann-blackwood-3Tqr3Lio6CY-unsplash.jpg,coachmatthews,7:00,cohort,var1
5,I woke up late just to take this pic,alex-robinson-LBtuixk1Jos-unsplash.jpg,coachmatthews,24:04:00,cohort,var2
6,,alex-robinson-rrI02QQ9GSQ-unsplash.jpg,coachmatthews,27:17:00,cohort,var3
7,photoshoot ,alex-sorto-PPKTji3Cy5k-unsplash.jpg,coachmatthews,29:20:00,cohort,var4
8,golden hour pics,allan-filipe-santos-dias-gVBtrX21h2o-unsplash.jpg,coachmatthews,49:45:00,cohort,var1
9,,anaya-katlego-4fRRYt1jotc-unsplash.jpg,coachmatthews,52:44:00,cohort,var2
10,"class of 2020, corona fucked it up though",andre-hunter-AQ908FfdAMw-unsplash,M.Kapadia92,-22:40:00,cohort,var3
11,pool party,andrew-itaga-eeSQSmwpUuU-unsplash,M.Kapadia92,-19:20:00,cohort,var4
12,,angelina-litvin-htYqmybzOcI-unsplash.jpg,M.Kapadia92,-16:59:00,cohort,var1
13,took my baby to the playground,anna-louise-ZZjFiyP6sL8-unsplash.jpg,M.Kapadia92,4:00,cohort,var2
14,family days ,annie-spratt-wCds3wsU_T4-unsplash.jpg,M.Kapadia92,6:40,cohort,var3
15,,antonio-scant-Zhoan5fo1QY-unsplash.jpg,M.Kapadia92,9:20,cohort,var4
16,i did these for a modeling shoot a couple of months back,ap-x-90-At__EKm5PGE-unsplash.jpg,M.Kapadia92,19:20,cohort,var1
17,orange looks good on me ,april-c-5RATwbCzYK4-unsplash.jpg,M.Kapadia92,22:45,cohort,var2
18,mom's favorite,autumn-goodman-BKhFTUd8PKc-unsplash.jpg,M.Kapadia92,36:10:00,cohort,var3
19,,autumn-goodman-s_gxUFSGjIc-unsplash.jpg,M.Kapadia92,39:25:00,cohort,var4
20,the cookout was lit ,avel-chuklanov-9cx4-QowgLc-unsplash.jpg,M.Kapadia92,56:34:00,cohort,var1
21,first day at my new job,ayo-ogunseinde-2Lm_Hb8sH4s-unsplash.jpg,M.Kapadia92,60:00:00,cohort,var2
22,my baby and me ,barbara-alcada-w7aGkQO63q0-unsplash.jpg,ancho-n-cayenne,-24:30:00,cohort,var3
23,,ben-weber-btK4Ja_4W6g-unsplash.jpg,ancho-n-cayenne,-20:41:00,cohort,var4
24,,beth-tate-E695OZJiju4-unsplash.jpg,ancho-n-cayenne,-1:40:00,cohort,var1
25,,bill-hamway-GOhA-vkKzDg-unsplash.jpg,ancho-n-cayenne,2:45,cohort,var2
26,,billie-mjTH1BHDNCA-unsplash.jpg,ancho-n-cayenne,25:39:00,cohort,var3
27,photo credits to my boys,blake-cheek-suD4lY8zNac-unsplash.jpg,ancho-n-cayenne,29:55:00,cohort,var4
28,,brianna-fairhurst-FMQ68kgZFfQ-unsplash.jpg,ancho-n-cayenne,38:41:00,cohort,var1
29,i'm officially twenty five years young,caique-silva-w3JR-_Wqxz0-unsplash.jpg,ancho-n-cayenne,40:04:00,cohort,var2
30,,calvin-lupiya-Mx4auh5zO4w-unsplash.jpg,ancho-n-cayenne,59:03:00,cohort,var3
31,living amongst the trees,caroline-veronez-2lHBWR6JPpk-unsplash.jpg,localewis,-9:08:00,cohort,var4
32,sipping tea is my new career,cassandra-hamer-180H4qkbWbA-unsplash.jpg,localewis,-4:09:00,cohort,var1
33,,cassandra-hamer-wOGyuqXC8Xg-unsplash.jpg,localewis,11:14,cohort,var2
34,favorite spot,charles-etoroma--K_LqkjMXjE-unsplash.jpg,localewis,19:02,cohort,var3
35, ,chayene-rafaela-_U_Padn-Z0A-unsplash.jpg,localewis,38:10:00,cohort,var4
36,,chelsea-ferenando-LmYENEcVmqM-unsplash.jpg,localewis,39:11:00,cohort,var1
37,,christian-fregnan-QVlDppfbDn0-unsplash.jpg,localewis,50:12:00,cohort,var2
38,,christian-soler-2vS66sBiKx8-unsplash.jpg,localewis,53:13:00,cohort,var3
39,,clarke-sanders-4jSdKaQe4_8-unsplash.jpg,localewis,-18:04:00,cohort,var4
40,,clarke-sanders-HOQpBGL95Z8-unsplash.jpg,localewis,58:30:00,cohort,var1
41,,clem-onojeghuo-1qyw0De2XC8-unsplash.jpg,casssssssssie,-20:11:00,cohort,var2
42,i'm feeling good today,dave-goudreau-Y8t3wXzK0xs-unsplash.jpg,casssssssssie,-12:40:00,cohort,var3
43,,deji-akinyele-ARm28szwP0o-unsplash.jpg,casssssssssie,-10:25:00,cohort,var4
45,,derick-anies-hDJT_ERrB-w-unsplash.jpg,casssssssssie,11:41,cohort,var1
48,,dhivya-subramanian-Q2QWoGfZzXw-unsplash.jpg,casssssssssie,25:42:00,cohort,var2
50,,dimitar-belchev-41aXLXKrpJI-unsplash.jpg,casssssssssie,38:43:00,cohort,var3
51,this lighting is everything,dorrell-tibbs-gDG8KSwSAvo-unsplash.jpg,casssssssssie,48:14:00,cohort,var4
53,haircuts,edgar-chaparro-Eau6r-AzEj0-unsplash.jpg,casssssssssie,50:44:00,cohort,var1
56,,edwin-andrade-NIN6d23PX5k-unsplash.jpg,casssssssssie,66:44:00,cohort,var2
57,,ella-jardim-MshUpuE1SK0-unsplash.jpg,tastyrobot,-12:01:00,normal,var3
58,,eloise-ambursley-7rvgRr3CvXQ-unsplash.jpg,tastyrobot,12:02,normal,var4
59,,eloise-ambursley-Q_DK3kxXhbo-unsplash.jpg,tastyrobot,36:03:00,normal,var1
60,beach day ,enoch-appiah-jr-Pl_a5iaH9aw-unsplash.jpg,tastyrobot,60:04:00,normal,var2
61,,etty-fidele-nWdhpUrXxYY-unsplash.jpg,ria_camiii,-13:15:00,normal,var3
62,,etty-fidele-owqMrL136aA-unsplash.jpg,ria_camiii,11:16,normal,var4
63,,eye-for-ebony-j28h3uNmKCA-unsplash.jpg,ria_camiii,35:17:00,normal,var1
64,,fallon-michael-Jb6eRNfT-j4-unsplash.jpg,ria_camiii,59:18:00,normal,var2
65,,frank-mckenna--sCrec27yDM-unsplash.jpg,SnakeCharmer,-14:19:00,normal,var3
66,,gianpaolo-la-paglia-qIADaHMKKVg-unsplash.jpg,SnakeCharmer,10:20,normal,var4
67,,gift-habeshaw-E1V2CVAD7oY-unsplash.jpg,SnakeCharmer,34:21:00,normal,var1
68,,gift-habeshaw-lbs7E0Flqo8-unsplash.jpg,SnakeCharmer,58:22:00,normal,var2
69,,giulia-pugliese-nniRSBK2U2c-unsplash.jpg,breethebaker,-15:23:00,normal,var3
70,,glodi-miessi-2NYARChb9zs-unsplash.jpg,breethebaker,9:24,normal,var4
71,,glodi-miessi-7IbeuOq005k-unsplash.jpg,breethebaker,33:25:00,normal,var1
72,,glodi-miessi-bRtwAIfztNw-unsplash.jpg,breethebaker,57:26:00,normal,var2
73,,glodi-miessi-cgQo8vi-51c-unsplash.jpg,livelaughlove,-16:27:00,normal,var3
74,,glodi-miessi-da7agzWCFiw-unsplash.jpg,livelaughlove,8:28,normal,var4
75,,glodi-miessi-DVnScwY4Zqs-unsplash.jpg,livelaughlove,32:29:00,normal,var1
76,,glodi-miessi-JsgzqtL53FE-unsplash.jpg,livelaughlove,56:30:00,normal,var2
77,,glodi-miessi-sfxKOP9NqzU-unsplash.jpg,NoahM1121,-17:31:00,normal,var3
78,,glodi-miessi-sRzh83NhvRA-unsplash.jpg,NoahM1121,7:32,normal,var4
79,,glodi-miessi-TbmwX1gvhDg-unsplash.jpg,NoahM1121,36:33:00,normal,var1
80,,glodi-miessi-u52jrtAtWWI-unsplash.jpg,NoahM1121,58:34:00,normal,var2
81,,glodi-miessi-ZqvnPp4sXB4-unsplash.jpg,sweetpea,-18:35:00,normal,var3
82,,gus-moretta-BCyfpZE3aVE-unsplash.jpg,sweetpea,6:36,normal,var4
83,,habib-ayoade-NhWW_RW1qO0-unsplash.jpg,sweetpea,30:37:00,normal,var1
84,,humphrey-muleba-BYRssgBTbAw-unsplash.jpg,sweetpea,54:36:00,normal,var2
85,,humphrey-muleba-dkVqyoyY7a4-unsplash.jpg,sweetpea,54:38:00,normal,var3
86,,humphrey-muleba-jrOPyEXA8DE-unsplash.jpg,fusionfeast,-18:39:00,normal,var4
87,,humphrey-muleba-LASz4AkWqkg-unsplash.jpg,fusionfeast,5:40,normal,var1
88,,humphrey-muleba-nt-GJifg3jA-unsplash.jpg,fusionfeast,29:41:00,normal,var2
89,,humphrey-muleba-Y83f26VFCcg-unsplash.jpg,fusionfeast,53:42:00,normal,var3
90,,ian-dooley-FgSyP02I0gw-unsplash.jpg,cavsforever,-19:43:00,normal,var4
91,,iiona-virgin-6uyKmS_Q_Vs-unsplash.jpg,cavsforever,4:44,normal,var1
92,,iiona-virgin-7PvViX07Z4w-unsplash.jpg,cavsforever,28:45:00,normal,var2
93,,iiona-virgin-c6YTFN7XB3s-unsplash.jpg,cavsforever,52:46:00,normal,var3
94,,iiona-virgin-lssGvg6tpnU-unsplash.jpg,lavenderrrrrr,-20:47:00,normal,var4
95,,iiona-virgin-XpAQougP5JY-unsplash.jpg,lavenderrrrrr,3:48,normal,var1
96,,isaiah-mcclean-9_D4NtyYHE8-unsplash.jpg,lavenderrrrrr,27:49:00,normal,var2
97,,isaiah-mcclean-j9PpIy_x4EE-unsplash.jpg,lavenderrrrrr,51:50:00,normal,var3
98,,isaiah-mcclean-LrBrThtA0i0-unsplash.jpg,earthpulse,-21:51:00,normal,var4
99,,isiah-gibson-Xg9D0uFFqlo-unsplash.jpg,earthpulse,2:52,normal,var1
100,,ivana-cajina-_7LbC5J-jw4-unsplash.jpg,earthpulse,26:53:00,normal,var2
101,,jakob-owens-B5sNgRtYPQ4-unsplash.jpg,earthpulse,50:54:00,normal,var3
102,,jakob-owens-cL1m55GcwXE-unsplash.jpg,MannyDL34,-22:55:00,normal,var4
103,,jakob-owens-gw8EYwxJxsU-unsplash.jpg,MannyDL34,1:56,normal,var1
104,,jakob-owens-lwTzL-QwhQA-unsplash.jpg,MannyDL34,25:57:00,normal,var2
105,,jakob-owens-qoFQxxuk3QY-unsplash.jpg,MannyDL34,49:58:00,normal,var3
106,,jascha-huisman-_n2qRG0SvC4-unsplash.jpg,caffeinated,-23:59:00,normal,var4
107,,javardh-UJcHaGUJyqs-unsplash.jpg,caffeinated,-0:05:00,normal,var1
108,,jaye-wagner-0rrO__2p46Q-unsplash.jpg,caffeinated,24:02:00,normal,var2
109,,jaye-wagner-ABWDv-4Vpq4-unsplash.jpg,caffeinated,48:03:00,normal,var3
110,,jazmin-quaynor-7Hu4iWksw2k-unsplash.jpg,caffeinated,48:12:00,normal,var4
111,,jazmin-quaynor-RBtPAOgHxuI-unsplash.jpg,wiz_khaleesi,-24:05:00,normal,var1
112,,jazmin-quaynor-ug5xHyyoEeE-unsplash.jpg,wiz_khaleesi,-1:06:00,normal,var2
113,,jd-mason-fvL1QAugjLw-unsplash.jpg,wiz_khaleesi,23:07,normal,var3
114,,jd-mason-gXDz5CCzar8-unsplash.jpg,wiz_khaleesi,47:08:00,normal,var4
115,,jd-mason-s60hyiuWik4-unsplash.jpg,jackrussellmom,-25:09:00,normal,var1
116,,jd-mason-UKSoi-H2n_k-unsplash.jpg,jackrussellmom,-2:10:00,normal,var2
117,,jessica-felicio-_cvwXhGqG-o-unsplash.jpg,jackrussellmom,22:11,normal,var3
118,,jessica-felicio-8vgkMCSq4EU-unsplash.jpg,jackrussellmom,46:12:00,normal,var4
119,,jessica-felicio-CT6G8Mz4grs-unsplash.jpg,john73,-26:13:00,normal,var1
120,,jessica-felicio-F16KPYxfm6s-unsplash.jpg,john73,-3:14:00,normal,var2
121,,jessica-felicio-fJgE0AnZKN8-unsplash.jpg,john73,21:15,normal,var3
122,,jessica-felicio-FjvXUeYf1AA-unsplash.jpg,john73,45:16:00,normal,var4
123,,jessica-felicio-IkWLHy_Va7E-unsplash.jpg,Jcole9,-27:17:00,normal,var1
124,,jessica-felicio-kgv0t4pI1T4-unsplash.jpg,Jcole9,-4:18:00,normal,var2
125,,jessica-felicio-lH973Qz0Iy4-unsplash.jpg,Jcole9,20:19,normal,var3
126,,jessica-felicio-LIU1FXi7L4Y-unsplash.jpg,Jcole9,20:21,normal,var4
127,,jessica-felicio-nIKCy5CWIzk-unsplash.jpg,Jcole9,44:20:00,normal,var1
128,,jessica-felicio-OoGcbDAsJ98-unsplash.jpg,kittycatbakes,-28:21:00,normal,var2
129,,jessica-felicio-QS9ZX5UnS14-unsplash.jpg,kittycatbakes,-5:22:00,normal,var3
130,,jessica-felicio-TQAEEqfhLRQ-unsplash.jpg,kittycatbakes,19:23,normal,var4
131,,jessica-felicio-YEbFUPYfUlo-unsplash.jpg,kittycatbakes,43:24:00,normal,var1
132,,joanna-nix-walkup-H3giPYTXsyk-unsplash.jpg,kittycatbakes,67:25:00,normal,var2
133,,joanna-nix-walkup-Hvf44cP2kYk-unsplash.jpg,bblueberryy,-6:26:00,normal,var3
134,,joanna-nix-walkup-OPPDEnlfcF0-unsplash.jpg,bblueberryy,18:27,normal,var4
135,,johnathan-kaufman-a55y8nGoYJ8-unsplash,bblueberryy,42:28:00,normal,var1
136,,johnathan-kaufman-C1R_XPukEkE-unsplash.jpg,bblueberryy,66:29:00,normal,var2
137,,johnathan-kaufman-Gl6aklIuwe4-unsplash.jpg,mateoV,17:31,normal,var3
138,,johnathan-kaufman-zXIkLegi6g8-unsplash.jpg,mateoV,65:33:00,normal,var4
139,,jonnelle-yankovich-YLVJZs8J7Cg-unsplash.jpg,breathe_in,-8:34:00,normal,var1
140,,jose-llamas-x_EEZ5Iq5nw-unsplash.jpg,breathe_in,16:35,normal,var2
141,,jovaughn-stephens-3ajz-2RgEi8-unsplash.jpg,breathe_in,40:36:00,normal,var3
142,,judeus-samson-0UECcInuCR4-unsplash.jpg,breathe_in,64:37:00,normal,var4
143,,julian-myles-ICH18jJ1cHo-unsplash.jpg,jupiterpride,-9:38:00,normal,var1
144,,julian-myles-ICH18jJ1cHo-unsplash.jpg,jupiterpride,15:39,normal,var2
145,,kal-visuals-396OUIAFiwk-unsplash.jpg,jupiterpride,39:40:00,normal,var3
146,,kiana-bosman-2p3CZf_G1EM-unsplash.jpg,jupiterpride,63:41:00,normal,var4
147,,kim-carpenter-IHIgnhLvz5Q-unsplash.jpg,artisanalways,-10:42:00,normal,var1
148,,kreated-media-kGgsoEU4EIw-unsplash.jpg,artisanalways,14:43,normal,var2
149,,kristen-reynolds-Z4Ig_o2DEME-unsplash.jpg,artisanalways,38:44:00,normal,var3
150,,lawrson-pinson-M3BI-tWbTsw-unsplash.jpg,artisanalways,62:45:00,normal,var4
151,,lechon-kirb-yvx7LSZSzeo-unsplash.jpg,_aikira_,-11:46:00,normal,var1
152,,leighann-blackwood-3Tqr3Lio6CY-unsplash.jpg,_aikira_,13:47,normal,var2
153,,leighann-blackwood-EUedgXxvTAs-unsplash.jpg,_aikira_,61:49:00,normal,var3
154,,leighann-blackwood-gfTu43GaYXw-unsplash.jpg,lee.alexa,-6:01:00,cohort,var4
155,,leighann-blackwood-JexUpBvhbl0-unsplash.jpg,lee.alexa,0:31,cohort,var1
156,,leighann-blackwood-nRVMVZvy6mo-unsplash.jpg,lee.alexa,15:05,cohort,var2
157,,leighann-blackwood-opGKCk9GImU-unsplash.jpg,lee.alexa,17:08,cohort,var3
158,,leighann-blackwood-QSY8k6nDapo-unsplash.jpg,lee.alexa,31:49:00,cohort,var4
159,,leon-ell-0b1oQmhEwvY-unsplash.jpg,lee.alexa,46:50:00,cohort,var1
160,,leon-ell-C8Q_zR8PDlA-unsplash.jpg,lee.alexa,62:30:00,cohort,var2
161,,leon-ell-f6HbVnGtNnY-unsplash.jpg,lee.alexa,64:33:00,cohort,var3
162,,levi-guzman-lcmxu-_0Ldg-unsplash.jpg,lee.alexa,65:10:00,cohort,var4
163,,lexscope-Ewm5lf1YhW0-unsplash.jpg,lee.alexa,-26:59:00,cohort,var1
164,,linkedin-sales-navigator-u3hmzw5U-SI-unsplash.jpg,Ataylor,-10:12:00,normal,var2
165,,logan-weaver-0763K2u0xys-unsplash.jpg,Sue_S,5:13,normal,var3
166,,lui-peng-udUspxiOKWk-unsplash.jpg,karenM,20:14,normal,var4
167,,makenna-entrikin-bBg9eBfwQiw-unsplash.jpg,jake_turk,35:15:00,normal,var1
168,,marcus-lewis-63yxHPyhlKw-unsplash.jpg,snowbird,50:16:00,normal,var2
169,,mark-adriane-G1pMmyKfh9s-unsplash.jpg,youngcunningham,65:17:00,normal,var3
170,,matheus-ferrero-KuGwl8e_FDo-unsplash.jpg,tacoguy,-7:18:00,normal,var4
171,,mathilda-khoo-qHna_4jgwLw-unsplash.jpg,Smitty12,-2:25:00,normal,var1
172,,matthew-spiteri-jkvO5kSh7yI-unsplash.jpg,Smitty12,4:32,normal,var2
173,,michelle-baez-ortiz-RI-W-Opsi78-unsplash.jpg,Smitty12,20:01,normal,var3
174,,mike-von-_i9Sil-9fak-unsplash.jpg,Smitty12,45:07:00,normal,var4
175,,mike-von--N6m6KyK7ao-unsplash.jpg,southerngirlCel,-10:30:00,normal,var1
176,,mike-von--UzbMbajmQI-unsplash.jpg,southerngirlCel,-1:12:00,normal,var2
177,,mike-von-1M6Cv8R4Yi4-unsplash.jpg,southerngirlCel,7:14,normal,var3
178,,mike-von-2jw1CwGo134-unsplash.jpg,southerngirlCel,19:13,normal,var4
179,,mike-von-3MvlGhagq4E-unsplash.jpg,southerngirlCel,34:45:00,normal,var1
180,,mike-von-5zsSJ5U3us4-unsplash.jpg,hockeymom101,-2:43:00,normal,var2
181,,mike-von-7qW_FmptFzQ-unsplash.jpg,hockeymom101,1:17,normal,var3
182,,mike-von-71VBB1Rjw0A-unsplash.jpg,hockeymom101,3:26,normal,var4
183,,mike-von-aHdkKjSwmWw-unsplash.jpg,hockeymom101,28:41:00,normal,var1
184,,mike-von-BhcutpohYwg-unsplash.jpg,SamTHEMAN,12:53,normal,var2
185,,mike-von-BM07X_G6ReY-unsplash.jpg,SamTHEMAN,29:15:00,normal,var3
186,,mike-von-bWUOx0SaSAk-unsplash.jpg,SamTHEMAN,56:13:00,normal,var4
187,,mike-von-ewyvshnVQic-unsplash.jpg,SamTHEMAN,67:43:00,normal,var1
188,,mike-von-F4nn2XdyuiI-unsplash.jpg,BeardedMatt,37:23:00,normal,var2
189,,mike-von-fHwuDivva_w-unsplash.jpg,MedicalRyan,-20:33:00,normal,var3
190,,mike-von-G81cWMF7qhg-unsplash.jpg,Lisa181818,-2:30:00,normal,var4
191,,mike-von-H-49S2S7lMU-unsplash.jpg,this_jack,12:30,normal,var1
192,,mike-von-h6SLHIqOAr4-unsplash.jpg,PatelS,43:33:00,normal,var2
193,,mike-von-i0yjni9irCA-unsplash.jpg,DonDonDonna,70:00:00,normal,var3
194,,mike-von-Ihh0RNh4Yk0-unsplash.jpg,EmmaSmith0214,-24:00:00,normal,var4
195,,mike-von-iW5IKPjJYRs-unsplash.jpg,B.Mike,-12:35:00,normal,var1
196,,mike-von-juhmtSLfCxQ-unsplash.jpg,mariaann,-3:27:00,normal,var2
197,,mike-von-OECfwNARmYM-unsplash.jpg,mariaann,14:36,normal,var3
198,,mike-von-PNGqTNX7xgc-unsplash.jpg,mariaann,20:23,normal,var4
199,,mike-von-QkoDQUBjMKk-unsplash.jpg,mariaann,-10:12:00,normal,var1
200,,mike-von-qsJ5itg93WY-unsplash.jpg,thisisalfie1998,-6:18:00,normal,var2
201,,mike-von-tzBzkxMOHGQ-unsplash.jpg,thisisalfie1998,39:56:00,normal,var3
202,,mike-von-ULC8-JLfzUE-unsplash.jpg,thisisalfie1998,45:24:00,normal,var4
203,,mike-von-vrASjV--ZYk-unsplash.jpg,thisisalfie1998,67:12:00,normal,var1
204,,mike-von-vunnaxu_55A-unsplash.jpg,KatieeeM,12:49,normal,var2
205,,mike-von-wINYGcOk-Ps-unsplash.jpg,KatieeeM,16:11,normal,var3
206,,mike-von-Y5bxbGDJhRc-unsplash.jpg,KatieeeM,-3:25:00,normal,var4
207,,nana-o-LPaeGH0xHgw-unsplash.jpg,KatieeeM,3:35,normal,var1
208,,nathan-dumlao-c0UxuPFtovA-unsplash.jpg,TimBJenkins,-8:16:00,normal,var2
209,,nick-owuor-astro-nic-visuals-hcU6HT2o2eo-unsplash.jpg,TimBJenkins,14:15,normal,var3
210,,nicola-fioravanti-MMkk6Qs_BpI-unsplash.jpg,TimBJenkins,39:57:00,normal,var4
211,,nicolas-ladino-silva-o2DVsV2PnHE-unsplash.jpg,TimBJenkins,55:14:00,normal,var1
212,,nicolas-steave-qErV87-3Xac-unsplash.jpg,BeardedMatt,69:22:00,normal,var2
213,,nkululeko-mayiyane-DvPQDbBee4o-unsplash.jpg,MedicalRyan,-20:33:00,normal,var3
214,,nkululeko-mayiyane-RMJf1NFOIcY-unsplash.jpg,Lisa181818,15:15,normal,var4
215,,noah-buscher-hDlIX2hq5u8-unsplash.jpg,this_jack,50:00:00,normal,var1
216,,oladimeji-odunsi--uBQDxaROnc-unsplash.jpg,PatelS,-1:55:00,normal,var2
217,,oladimeji-odunsi-3Z3vhLYx-Ec-unsplash.jpg,DonDonDonna,32:00:00,normal,var3
218,,oladimeji-odunsi-ACupmEJ26uI-unsplash.jpg,EmmaSmith0214,15:15,normal,var4
219,,oladimeji-odunsi-b5gUjS-d8oE-unsplash.jpg,B.Mike,20:20,normal,var1
220,,oladimeji-odunsi-cLP5qmKvehY-unsplash.jpg,BeardedMatt,-32:44:00,normal,var2
221,,oladimeji-odunsi-D-8HmOXDgxE-unsplash.jpg,MedicalRyan,-76:33:00,normal,var3
222,,oladimeji-odunsi-hwsqCAHgqQM-unsplash (1).jpg,Lisa181818,34:23:00,normal,var4
223,,oladimeji-odunsi-L6hr1BptcNc-unsplash.jpg,this_jack,1:10,normal,var1
224,,oladimeji-odunsi-lNm2Px2UYB4-unsplash.jpg,PatelS,-15:55:00,normal,var2
225,,oladimeji-odunsi-pV2Kw7Tts14-unsplash.jpg,DonDonDonna,-0:23:00,normal,var3
226,,oladimeji-odunsi-S6XUgeCOosQ-unsplash.jpg,EmmaSmith0214,0:50,normal,var4
227,,oladimeji-odunsi-tUUmR82pq68-unsplash.jpg,B.Mike,-33:00:00,normal,var1
228,,oladimeji-odunsi-wecunh3nBrA-unsplash.jpg,jiruletheworld,2:10,normal,var2
229,,pam-sharpe-uJIGWpC3Oao-unsplash.jpg,jiruletheworld,-16:31:00,normal,var3
230,,paulette-wooten-DUC0SNRxQIU-unsplash.jpg,jiruletheworld,19:22,normal,var4
231,,paulius-dragunas-4PNF_TVHeLA-unsplash.jpg,jiruletheworld,-40:23:00,normal,var1
232,,philipe-cavalcante-Ugpcxb0jG4Q-unsplash.jpg,ayoitsayo,-5:45:00,normal,var2
233,,phuoc-le-LD0Yd9_EPxE-unsplash.jpg,ayoitsayo,43:21:00,normal,var3
234,,prince-akachi-qoW-WKyyv44-unsplash.jpg,ayoitsayo,62:32:00,normal,var4
235,,quentin-keller-jGDVMvbSI40-unsplash.jpg,ayoitsayo,-35:18:00,normal,var1
236,,rock-staar-LwD85RvjO60-unsplash.jpg,sweetietooth,14:23,normal,var2
237,,sam-burriss-uaq0y8pb6W4-unsplash (1).jpg,sweetietooth,32:16:00,normal,var3
238,,samantha-sophia-1QJTZn5XhpM-unsplash.jpg,sweetietooth,59:10:00,normal,var4
239,,samantha-sophia-3CezKlEh1DU-unsplash.jpg,sweetietooth,-10:15:00,normal,var1
240,,samantha-sophia-c61m0sa7XeE-unsplash.jpg,dana84,-23:00:00,normal,var2
241,,samantha-sophia-f-4i09Ogq54-unsplash.jpg,dana84,8:03,normal,var3
242,,samantha-sophia-IG4BVHLg09Y-unsplash.jpg,dana84,37:39:00,normal,var4
243,,samantha-sophia-NaWKMlp3tVs-unsplash.jpg,dana84,56:23:00,normal,var1
244,,samia-liamani-3yka43Kk8ug-unsplash.jpg,lucyinurdreams,-21:11:00,normal,var2
245,,samia-liamani-8C0dX5oF6iw-unsplash.jpg,lucyinurdreams,2:24,normal,var3
246,,samuel-aboh-93OuhfFZDZY-unsplash.jpg,lucyinurdreams,30:21:00,normal,var4
247,,samuel-aboh-YpHa1VyFbt0-unsplash.jpg,lucyinurdreams,45:30:00,normal,var1
248,,scorpio-creative-9cPR78E3KMQ-unsplash.jpg,chefricky,-14:34:00,normal,var2
249,,serrah-galos-H6xxqTIHOTM-unsplash.jpg,chefricky,14:28,normal,var3
250,,seth-doyle-YEK-1BZ7L1s-unsplash.jpg,chefricky,29:21:00,normal,var4
251,,seth-doyle-ysOgrlPnBls-unsplash.jpg,chefricky,48:33:00,normal,var1
252,,sewn-apart-eGTDc9t9FnQ-unsplash.jpg,clayton.myers,9:21,normal,var2
253,,slim-emcee-jzdOX0XkXr8-unsplash.jpg,clayton.myers,26:05:00,normal,var3
254,,slim-emcee-sQ-bEMFOjtA-unsplash.jpg,clayton.myers,51:10:00,normal,var4
255,,sneha-8wH5ug37nbk-unsplash.jpg,clayton.myers,62:21:00,normal,var1
256,,sneha-pmbeomYtfQs-unsplash.jpg,aleeboi,-14:02:00,normal,var2
257,,sneha-ZgWJhbr8Wco-unsplash.jpg,aleeboi,13:01,normal,var3
258,,steven-jones-ZxDfQ1OF8Zg-unsplash.jpg,aleeboi,26:08:00,normal,var4
259,,surface-hhcg8ugTWtY-unsplash.jpg,aleeboi,41:04:00,normal,var1
260,,tamarcus-brown-29pFbI_D1Sc-unsplash.jpg,masterchefterry,2:03,normal,var2
261,,tamarcus-brown-zuQDqLFavI4-unsplash.jpg,masterchefterry,4:18,normal,var3
262,,tanaka-pendeke-o9gfRUp1l9w-unsplash.jpg,masterchefterry,34:46:00,normal,var4
263,,tania-mousinho-HSPAfO7bmvs-unsplash.jpg,fgonzalez,-5:12:00,normal,var1
264,,terricks-noah-bP2sGMXk17g-unsplash.jpg,fgonzalez,1:48,normal,var2
265,,the-creative-exchange-5B3kG8WVztg-unsplash.jpg,fgonzalez,8:24,normal,var3
266,,the-creative-exchange-HPhbGuaoEwk-unsplash.jpg,mewranda,5:56,normal,var4
267,,the-creative-exchange-mIpZ452L6Zs-unsplash.jpg,gwenfromtheblock,12:23,normal,var1
268,,the-creative-exchange-TJWBsFA9mG0-unsplash.jpg,gwenfromtheblock,13:00,normal,var2
269,,thought-catalog-_Xv89TMIazc-unsplash.jpg,SnakeCharmer,-2:22:00,normal,var3
270,,tim-mossholder-5vh4crJBztg-unsplash.jpg,SnakeCharmer,45:32:00,normal,var4
271,,tochi-onwubiko-nPTDfH4uuJc-unsplash.jpg,earthpulse,12:10,normal,var1
272,,tochi-onwubiko-o3I68znoa8Q-unsplash.jpg,B.Mike,21:10,normal,var2
273,,trevor-cole-SPUzi2ef-GY-unsplash.jpg,southerngirlCel,58:31:00,normal,var3
274,,trust-tru-katsande-CR6FcSYRdDE-unsplash.jpg,Lisa181818,18:18,normal,var4
275,,ty-williams-7zEJfqATmW4-unsplash.jpg,B.Mike,-15:55:00,normal,var1
276,,tyler-nix-E0eKAuh-PLA-unsplash.jpg,B.Mike,50:10:00,normal,var2
277,,tyrell-charles-HSb67e0grPc-unsplash.jpg,Lisa181818,-20:23:00,normal,var3
278,,vonecia-carswell-C8JKdYvEhFQ-unsplash.jpg,B.Mike,24:33:00,normal,var4
279,,william-recinos-qtYhAQnIwSE-unsplash.jpg,B.Mike,68:11:00,normal,var1
280,,willspirit-sbln-v_UdUskLcNs-unsplash.jpg,this_jack,2:25,normal,var2
281,,xan-griffin-RWnpyGtY1aU-unsplash.jpg,this_jack,49:13:00,normal,var3
282,,yegide-matthews-o5Q0wJgwmtg-unsplash.jpg,VitaBOCA,-5:31:00,normal,var4
283,,zachary-nelson-98Elr-LIvD8-unsplash.jpg,VitaBOCA,23:00,normal,var1
284,,zachary-staines-m61dSiiEAKQ-unsplash.jpg,VitaBOCA,35:32:00,normal,var2
285,,alekzan-powell-5t5krHi1LQ8-unsplash.jpg,aleeboi,35:38:00,normal,
286,no caption needed ,alex-nemo-hanse-_KP6Ve-rnNw-unsplash.jpg,nemo,2:25:00,normal,
287,,ali-hajian-_bltmtqACjg-unsplash.jpg,HotGirlTina,18:18:00,normal,
288,,audrey-m-jackson-cAFpd2vqnPE-unsplash.jpg,Lisa181818,50:20:00,normal,
289,unbothered,chiamaka-nwolisa-uY_bycsYGzQ-unsplash,cashmoney,45:07:00,normal,
290,,chris-knight--ucnC7PMDqE-unsplash,cashmoney,17:05,normal,
291,,clarke-sanders-ybPJ47PMT_M-unsplash.jpg,cashmoney,12:49,normal,
292,,clarke-sanders-ybPJ47PMT_M-unsplash.jpg,cashmoney,23:39,normal,
293,,david-rangel-iWFEVaQdJWU-unsplash,cashmoney,6:50,normal,
294,,etty-fidele-VNYCIbZju0o-unsplash.jpg,Eddie ,18:50,normal,
295,the revolution will not be televised,gayatri-malhotra-WzfqobnrSVc-unsplash.jpg,Eddie ,10:50,normal,
296,,hian-oliveira-7-gtkXm2b5U-unsplash.jpg,Eddie ,1:50,normal,
297,,jackson-david-DyT0YySMOtg-unsplash.jpg,Eddie ,21:07,normal,
298,,jurien-huggins-jLWlA1HQMbE-unsplash.jpg,Eddie ,-5:31:00,normal,
299,,leighann-blackwood-7JsYO_GGyFc-unsplash.jpg,Condola ,12:23,normal,
300,it was a nice day out today,leighann-blackwood-gfTu43GaYXw-unsplash.jpg,Condola ,2:03,normal,
301,,leighann-blackwood-W55V8wr8wvY-unsplash.jpg,Condola ,5:56,normal,
302,,leighann-blackwood-ZOn2JPop71I-unsplash.jpg,Condola ,45:24:00,normal,
303,,maatla-seetelo-JyOpUxWGD40-unsplash.jpg,heather sims,1:17,normal,
304,none of us are free until all of us are free,obi-onyeador-uijVyqj-oc8-unsplash.jpg,heather sims,1:17,normal,
305,,prince-akachi-LWkFHEGpleE-unsplash.jpg,heather sims,1:17,normal,
306,,suad-kamardeen-LmpGoHg0JBU-unsplash.jpg,heather sims,1:17,normal,
307,,terricks-noah-n9R0MN3XGvY-unsplash.jpg,heather sims,18:50,normal,